Path;Travel weight;Elapsed time;Best solution;Deviation;Algorithm
1 3 2 1 ;14;6,69e-05;14;-1500;DfsBruteForce
1 3 2 1 ;14;2,76e-05;14;-1500;TspNN
1 3 2 1 ;14;30;14;-1500;TspRand
3 2 1 3 ;14;5,7e-05;14;-1500;TspBabDfs
3 2 1 3 ;14;0,0001389;14;-1500;TspBabBfs
3 2 1 3 ;14;5,66e-05;14;-1500;TspBabBestFs
1 2 3 1 ;11;4,63e-05;11;-1200;DfsBruteForce
2 3 1 2 ;11;2,31e-05;11;-1200;TspNN
1 2 3 1 ;11;30;11;-1200;TspRand
3 1 2 3 ;11;5,76e-05;11;-1200;TspBabDfs
3 1 2 3 ;11;6,05e-05;11;-1200;TspBabBfs
3 1 2 3 ;11;6,94e-05;11;-1200;TspBabBestFs
1 2 3 1 ;13;4,61e-05;13;-1400;DfsBruteForce
2 3 1 2 ;13;2,73e-05;13;-1400;TspNN
1 2 3 1 ;13;30;13;-1400;TspRand
3 1 2 3 ;13;5,76e-05;13;-1400;TspBabDfs
3 1 2 3 ;13;6,08e-05;13;-1400;TspBabBfs
3 1 2 3 ;13;6,88e-05;13;-1400;TspBabBestFs
1 3 2 1 ;14;3,68e-05;14;-1500;DfsBruteForce
1 3 2 1 ;14;2,77e-05;14;-1500;TspNN
1 3 2 1 ;14;30;14;-1500;TspRand
3 2 1 3 ;14;5,33e-05;14;-1500;TspBabDfs
3 2 1 3 ;14;5,61e-05;14;-1500;TspBabBfs
3 2 1 3 ;14;6,35e-05;14;-1500;TspBabBestFs
1 3 2 1 ;16;4,59e-05;16;-1700;DfsBruteForce
1 3 2 1 ;16;2,34e-05;16;-1700;TspNN
3 2 1 3 ;16;30;16;-1700;TspRand
3 2 1 3 ;16;4,9e-05;16;-1700;TspBabDfs
3 2 1 3 ;16;4,01e-05;16;-1700;TspBabBfs
3 2 1 3 ;16;5,79e-05;16;-1700;TspBabBestFs
1 3 2 1 ;20;4,56e-05;20;-2100;DfsBruteForce
2 1 3 2 ;20;2,26e-05;20;-2100;TspNN
2 1 3 2 ;20;30;20;-2100;TspRand
3 2 1 3 ;20;7,14e-05;20;-2100;TspBabDfs
3 2 1 3 ;20;6,61e-05;20;-2100;TspBabBfs
3 2 1 3 ;20;7,42e-05;20;-2100;TspBabBestFs
1 2 3 1 ;8;4,52e-05;8;-900;DfsBruteForce
1 2 3 1 ;8;2,76e-05;8;-900;TspNN
1 2 3 1 ;8;30;8;-900;TspRand
3 1 2 3 ;8;4,08e-05;8;-900;TspBabDfs
3 1 2 3 ;8;4,38e-05;8;-900;TspBabBfs
3 1 2 3 ;8;4,9e-05;8;-900;TspBabBestFs
1 3 2 1 ;21;3,74e-05;21;-2200;DfsBruteForce
1 3 2 1 ;21;2,24e-05;21;-2200;TspNN
1 2 3 1 ;21;30;21;-2200;TspRand
3 1 2 3 ;21;6,18e-05;21;-2200;TspBabDfs
3 2 1 3 ;21;7,83e-05;21;-2200;TspBabBfs
3 1 2 3 ;21;6,14e-05;21;-2200;TspBabBestFs
1 2 3 1 ;13;4,96e-05;13;-1400;DfsBruteForce
1 2 3 1 ;13;2,26e-05;13;-1400;TspNN
1 2 3 1 ;13;30;13;-1400;TspRand
3 1 2 3 ;13;4,25e-05;13;-1400;TspBabDfs
3 1 2 3 ;13;5,68e-05;13;-1400;TspBabBfs
3 1 2 3 ;13;8,02e-05;13;-1400;TspBabBestFs
1 2 3 1 ;8;4,71e-05;8;-900;DfsBruteForce
3 1 2 3 ;8;1,84e-05;8;-900;TspNN
1 2 3 1 ;8;30;8;-900;TspRand
3 1 2 3 ;8;5,24e-05;8;-900;TspBabDfs
3 1 2 3 ;8;5,51e-05;8;-900;TspBabBfs
3 1 2 3 ;8;6,92e-05;8;-900;TspBabBestFs
1 2 3 4 1 ;14;0,0001988;14;-1500;DfsBruteForce
1 2 3 4 1 ;14;4,57e-05;14;-1500;TspNN
1 2 3 4 1 ;14;30;14;-1500;TspRand
4 1 2 3 4 ;14;0,000187;14;-1500;TspBabDfs
4 1 2 3 4 ;14;0,0001948;14;-1500;TspBabBfs
4 1 2 3 4 ;14;0,000239;14;-1500;TspBabBestFs
1 2 3 4 1 ;15;0,0001976;15;-1600;DfsBruteForce
1 2 3 4 1 ;15;3,23e-05;15;-1600;TspNN
1 2 3 4 1 ;15;30;15;-1600;TspRand
4 1 2 3 4 ;15;0,000204;15;-1600;TspBabDfs
4 1 2 3 4 ;15;0,0002167;15;-1600;TspBabBfs
4 1 2 3 4 ;15;0,0002771;15;-1600;TspBabBestFs
1 2 4 3 1 ;16;0,0001747;16;-1700;DfsBruteForce
1 2 4 3 1 ;16;4,27e-05;16;-1700;TspNN
3 1 2 4 3 ;16;30;16;-1700;TspRand
4 3 1 2 4 ;16;0,0002117;16;-1700;TspBabDfs
4 3 1 2 4 ;16;0,0002115;16;-1700;TspBabBfs
4 3 1 2 4 ;16;0,0002729;16;-1700;TspBabBestFs
1 2 3 4 1 ;15;0,0001582;15;-1600;DfsBruteForce
2 3 4 1 2 ;15;3,11e-05;15;-1600;TspNN
1 2 3 4 1 ;15;30;15;-1600;TspRand
4 1 2 3 4 ;15;0,0001976;15;-1600;TspBabDfs
4 1 2 3 4 ;15;0,000198;15;-1600;TspBabBfs
4 1 2 3 4 ;15;0,0002447;15;-1600;TspBabBestFs
1 3 4 2 1 ;13;0,0001605;13;-1400;DfsBruteForce
1 3 4 2 1 ;13;4,12e-05;13;-1400;TspNN
3 4 2 1 3 ;13;30;13;-1400;TspRand
4 2 1 3 4 ;13;0,0001829;13;-1400;TspBabDfs
4 2 1 3 4 ;13;0,0001559;13;-1400;TspBabBfs
4 2 1 3 4 ;13;0,0001529;13;-1400;TspBabBestFs
1 3 4 2 1 ;13;0,0001557;13;-1400;DfsBruteForce
1 3 4 2 1 ;13;6,72e-05;13;-1400;TspNN
2 1 3 4 2 ;13;30;13;-1400;TspRand
4 2 1 3 4 ;13;0,0001713;13;-1400;TspBabDfs
4 2 1 3 4 ;13;0,0001783;13;-1400;TspBabBfs
4 2 1 3 4 ;13;0,000238;13;-1400;TspBabBestFs
1 4 3 2 1 ;15;0,0001589;15;-1600;DfsBruteForce
3 2 1 4 3 ;15;4,19e-05;15;-1600;TspNN
2 1 4 3 2 ;15;30;15;-1600;TspRand
4 3 2 1 4 ;15;0,0001979;15;-1600;TspBabDfs
4 3 2 1 4 ;15;0,0002096;15;-1600;TspBabBfs
4 3 2 1 4 ;15;0,0002047;15;-1600;TspBabBestFs
1 2 4 3 1 ;13;0,0001601;13;-1400;DfsBruteForce
3 1 2 4 3 ;13;3,93e-05;13;-1400;TspNN
3 1 2 4 3 ;13;30;13;-1400;TspRand
4 3 1 2 4 ;13;0,0001801;13;-1400;TspBabDfs
4 3 1 2 4 ;13;0,0001879;13;-1400;TspBabBfs
4 3 1 2 4 ;13;0,0001839;13;-1400;TspBabBestFs
1 4 3 2 1 ;18;0,0001665;18;-1900;DfsBruteForce
2 1 4 3 2 ;18;3,06e-05;18;-1900;TspNN
3 2 1 4 3 ;18;30;18;-1900;TspRand
4 3 2 1 4 ;18;0,0001811;18;-1900;TspBabDfs
4 3 2 1 4 ;18;0,0001509;18;-1900;TspBabBfs
4 3 2 1 4 ;18;0,0001784;18;-1900;TspBabBestFs
1 4 3 2 1 ;20;0,0001559;20;-2100;DfsBruteForce
3 2 1 4 3 ;20;4,42e-05;20;-2100;TspNN
2 1 4 3 2 ;20;30;20;-2100;TspRand
4 3 2 1 4 ;20;0,0002523;20;-2100;TspBabDfs
4 3 2 1 4 ;20;0,0002685;20;-2100;TspBabBfs
4 3 2 1 4 ;20;0,0003547;20;-2100;TspBabBestFs
1 3 2 4 5 1 ;19;0,0008579;19;-2000;DfsBruteForce
1 3 2 5 4 1 ;20;6,73e-05;20;-2100;TspNN
4 5 1 3 2 4 ;19;30;19;-2000;TspRand
5 1 3 2 4 5 ;19;0,0004956;19;-2000;TspBabDfs
5 1 3 2 4 5 ;19;0,0005379;19;-2000;TspBabBfs
5 1 3 2 4 5 ;19;0,0006578;19;-2000;TspBabBestFs
1 4 2 5 3 1 ;43;0,0010573;43;-4400;DfsBruteForce
1 4 5 3 2 1 ;46;6,23e-05;46;-4700;TspNN
3 1 4 2 5 3 ;43;30;43;-4400;TspRand
5 3 1 4 2 5 ;43;0,0010021;43;-4400;TspBabDfs
5 3 1 4 2 5 ;43;0,000881;43;-4400;TspBabBfs
5 3 1 4 2 5 ;43;0,0010989;43;-4400;TspBabBestFs
1 5 4 2 3 1 ;35;0,0010358;35;-3600;DfsBruteForce
2 3 1 5 4 2 ;35;5,31e-05;35;-3600;TspNN
2 3 1 5 4 2 ;35;30;35;-3600;TspRand
5 4 2 3 1 5 ;35;0,0008763;35;-3600;TspBabDfs
5 4 2 3 1 5 ;35;0,0008387;35;-3600;TspBabBfs
5 4 2 3 1 5 ;35;0,0010869;35;-3600;TspBabBestFs
1 3 2 5 4 1 ;32;0,0010007;32;-3300;DfsBruteForce
2 5 4 1 3 2 ;32;6,9e-05;32;-3300;TspNN
4 1 3 2 5 4 ;32;30;32;-3300;TspRand
5 4 1 3 2 5 ;32;0,0009839;32;-3300;TspBabDfs
5 4 1 3 2 5 ;32;0,0010939;32;-3300;TspBabBfs
5 4 1 3 2 5 ;32;0,0012675;32;-3300;TspBabBestFs
1 4 5 3 2 1 ;29;0,0010122;29;-3000;DfsBruteForce
1 4 5 3 2 1 ;29;4,8e-05;29;-3000;TspNN
3 2 1 4 5 3 ;29;30;29;-3000;TspRand
5 3 2 1 4 5 ;29;0,0004984;29;-3000;TspBabDfs
5 3 2 1 4 5 ;29;0,0005175;29;-3000;TspBabBfs
5 3 2 1 4 5 ;29;0,0005625;29;-3000;TspBabBestFs
1 5 2 3 4 1 ;27;0,0009508;27;-2800;DfsBruteForce
2 3 4 1 5 2 ;27;4,69e-05;27;-2800;TspNN
4 1 5 2 3 4 ;27;30;27;-2800;TspRand
5 2 3 4 1 5 ;27;0,000772;27;-2800;TspBabDfs
5 2 3 4 1 5 ;27;0,0007591;27;-2800;TspBabBfs
5 2 3 4 1 5 ;27;0,0008155;27;-2800;TspBabBestFs
1 5 3 4 2 1 ;33;0,00088;33;-3400;DfsBruteForce
1 5 3 4 2 1 ;33;6,68e-05;33;-3400;TspNN
4 2 1 5 3 4 ;33;30;33;-3400;TspRand
5 3 4 2 1 5 ;33;0,0005907;33;-3400;TspBabDfs
5 3 4 2 1 5 ;33;0,0007619;33;-3400;TspBabBfs
5 3 4 2 1 5 ;33;0,0008603;33;-3400;TspBabBestFs
1 4 2 3 5 1 ;35;0,0008751;35;-3600;DfsBruteForce
3 5 1 4 2 3 ;35;6,05e-05;35;-3600;TspNN
1 4 2 3 5 1 ;35;30;35;-3600;TspRand
5 1 4 2 3 5 ;35;0,0007298;35;-3600;TspBabDfs
5 1 4 2 3 5 ;35;0,000679;35;-3600;TspBabBfs
5 1 4 2 3 5 ;35;0,0009206;35;-3600;TspBabBestFs
1 3 2 5 4 1 ;46;0,0008911;46;-4700;DfsBruteForce
5 4 1 3 2 5 ;46;4,88e-05;46;-4700;TspNN
1 3 2 5 4 1 ;46;30;46;-4700;TspRand
5 4 1 3 2 5 ;46;0,0012464;46;-4700;TspBabDfs
5 4 1 3 2 5 ;46;0,0009213;46;-4700;TspBabBfs
5 4 1 3 2 5 ;46;0,0011396;46;-4700;TspBabBestFs
1 4 2 3 5 1 ;24;0,0008632;24;-2500;DfsBruteForce
1 4 2 3 5 1 ;24;4,82e-05;24;-2500;TspNN
5 1 4 2 3 5 ;24;30;24;-2500;TspRand
5 1 4 2 3 5 ;24;0,0003923;24;-2500;TspBabDfs
5 1 4 2 3 5 ;24;0,0004717;24;-2500;TspBabBfs
5 1 4 2 3 5 ;24;0,0006243;24;-2500;TspBabBestFs
1 5 6 4 2 3 1 ;36;0,0060027;36;-3700;DfsBruteForce
1 5 6 4 2 3 1 ;36;0,0001018;36;-3700;TspNN
1 5 6 4 2 3 1 ;36;30;36;-3700;TspRand
6 2 3 4 1 5 6 ;36;0,0028895;36;-3700;TspBabDfs
6 4 2 3 1 5 6 ;36;0,0027549;36;-3700;TspBabBfs
6 2 3 4 1 5 6 ;36;0,0036598;36;-3700;TspBabBestFs
1 4 2 3 5 6 1 ;33;0,006027;33;-3400;DfsBruteForce
2 6 5 3 1 4 2 ;36;9,25e-05;36;-3700;TspNN
3 5 6 1 4 2 3 ;33;30;33;-3400;TspRand
6 1 4 2 3 5 6 ;33;0,003916;33;-3400;TspBabDfs
6 1 4 2 3 5 6 ;33;0,00385;33;-3400;TspBabBfs
6 1 4 2 3 5 6 ;33;0,0046251;33;-3400;TspBabBestFs
1 2 5 3 6 4 1 ;28;0,0061588;28;-2900;DfsBruteForce
2 5 3 6 4 1 2 ;28;9,82e-05;28;-2900;TspNN
6 4 1 2 5 3 6 ;28;30;28;-2900;TspRand
6 4 1 2 5 3 6 ;28;0,0015731;28;-2900;TspBabDfs
6 4 1 2 5 3 6 ;28;0,0014654;28;-2900;TspBabBfs
6 4 1 2 5 3 6 ;28;0,0018351;28;-2900;TspBabBestFs
1 3 4 5 6 2 1 ;35;0,0061933;35;-3600;DfsBruteForce
1 3 4 5 6 2 1 ;35;9,55e-05;35;-3600;TspNN
2 1 3 4 5 6 2 ;35;30;35;-3600;TspRand
6 2 1 3 4 5 6 ;35;0,0021343;35;-3600;TspBabDfs
6 2 1 3 4 5 6 ;35;0,0020582;35;-3600;TspBabBfs
6 2 1 3 4 5 6 ;35;0,0024446;35;-3600;TspBabBestFs
1 5 4 3 6 2 1 ;24;0,0063375;24;-2500;DfsBruteForce
1 5 4 3 6 2 1 ;24;9,44e-05;24;-2500;TspNN
2 1 5 4 3 6 2 ;24;30;24;-2500;TspRand
6 2 1 5 4 3 6 ;24;0,0013004;24;-2500;TspBabDfs
6 2 1 5 4 3 6 ;24;0,0013566;24;-2500;TspBabBfs
6 2 1 5 4 3 6 ;24;0,0014283;24;-2500;TspBabBestFs
1 5 3 2 4 6 1 ;32;0,006038;32;-3300;DfsBruteForce
3 6 1 2 4 5 3 ;34;0,0001036;34;-3500;TspNN
2 4 6 1 5 3 2 ;32;30;32;-3300;TspRand
6 1 5 3 2 4 6 ;32;0,0023999;32;-3300;TspBabDfs
6 1 5 3 2 4 6 ;32;0,0022419;32;-3300;TspBabBfs
6 1 5 3 2 4 6 ;32;0,0027423;32;-3300;TspBabBestFs
1 6 4 5 3 2 1 ;26;0,0058008;26;-2700;DfsBruteForce
4 5 3 2 1 6 4 ;26;0,0001411;26;-2700;TspNN
3 2 1 6 4 5 3 ;26;30;26;-2700;TspRand
6 4 5 3 2 1 6 ;26;0,0022337;26;-2700;TspBabDfs
6 4 5 3 2 1 6 ;26;0,002158;26;-2700;TspBabBfs
6 4 5 3 2 1 6 ;26;0,0026077;26;-2700;TspBabBestFs
1 5 6 3 2 4 1 ;32;0,0058271;32;-3300;DfsBruteForce
2 4 1 5 6 3 2 ;32;7,36e-05;32;-3300;TspNN
5 6 3 2 4 1 5 ;32;30;32;-3300;TspRand
6 3 2 4 1 5 6 ;32;0,0017355;32;-3300;TspBabDfs
6 3 2 4 1 5 6 ;32;0,0016416;32;-3300;TspBabBfs
6 3 2 4 1 5 6 ;32;0,0019454;32;-3300;TspBabBestFs
1 2 4 6 5 3 1 ;30;0,0060388;30;-3100;DfsBruteForce
5 3 1 2 4 6 5 ;30;0,0001214;30;-3100;TspNN
1 2 4 6 5 3 1 ;30;30;30;-3100;TspRand
6 5 3 1 2 4 6 ;30;0,0035984;30;-3100;TspBabDfs
6 5 3 1 2 4 6 ;30;0,0032539;30;-3100;TspBabBfs
6 5 3 1 2 4 6 ;30;0,00425;30;-3100;TspBabBestFs
1 6 3 4 2 5 1 ;47;0,0061491;47;-4800;DfsBruteForce
3 4 2 1 5 6 3 ;52;0,0001645;52;-5300;TspNN
2 5 1 6 3 4 2 ;47;30;47;-4800;TspRand
6 3 4 2 5 1 6 ;47;0,0050343;47;-4800;TspBabDfs
6 3 4 2 5 1 6 ;47;0,0052548;47;-4800;TspBabBfs
6 3 4 2 5 1 6 ;47;0,0065065;47;-4800;TspBabBestFs
1 2 6 4 3 7 5 1 ;105;0,0466419;105;-10600;DfsBruteForce
7 5 1 2 6 4 3 7 ;105;0,000166;105;-10600;TspNN
5 1 2 6 4 3 7 5 ;105;30;105;-10600;TspRand
7 5 1 2 6 4 3 7 ;105;0,0147448;105;-10600;TspBabDfs
7 5 1 2 6 4 3 7 ;105;0,0166415;105;-10600;TspBabBfs
7 5 1 2 6 4 3 7 ;105;0,0198161;105;-10600;TspBabBestFs
1 4 2 3 6 5 7 1 ;128;0,0465878;128;-12900;DfsBruteForce
2 3 6 5 7 1 4 2 ;128;0,0001199;128;-12900;TspNN
1 4 2 3 6 5 7 1 ;128;30;128;-12900;TspRand
7 1 4 2 3 6 5 7 ;128;0,0220773;128;-12900;TspBabDfs
7 1 4 2 3 6 5 7 ;128;0,0224992;128;-12900;TspBabBfs
7 1 4 2 3 6 5 7 ;128;0,0282698;128;-12900;TspBabBestFs
1 4 3 6 2 5 7 1 ;100;0,0473893;100;-10100;DfsBruteForce
7 6 2 5 4 3 1 7 ;111;0,0001195;111;-11200;TspNN
4 3 6 2 5 7 1 4 ;100;30;100;-10100;TspRand
7 1 4 3 6 2 5 7 ;100;0,0126579;100;-10100;TspBabDfs
7 1 4 3 6 2 5 7 ;100;0,0159858;100;-10100;TspBabBfs
7 1 4 3 6 2 5 7 ;100;0,0155581;100;-10100;TspBabBestFs
1 2 5 3 6 7 4 1 ;63;0,0470906;63;-6400;DfsBruteForce
2 5 3 4 1 6 7 2 ;72;0,0001166;72;-7300;TspNN
3 6 7 4 1 2 5 3 ;63;30;63;-6400;TspRand
7 4 1 2 5 3 6 7 ;63;0,0039073;63;-6400;TspBabDfs
7 4 1 2 5 3 6 7 ;63;0,0043858;63;-6400;TspBabBfs
7 4 1 2 5 3 6 7 ;63;0,0046252;63;-6400;TspBabBestFs
1 7 5 6 3 2 4 1 ;92;0,0461801;92;-9300;DfsBruteForce
5 6 3 2 4 1 7 5 ;92;0,0001177;92;-9300;TspNN
3 2 4 1 7 5 6 3 ;92;30;92;-9300;TspRand
7 5 6 3 2 4 1 7 ;92;0,0104177;92;-9300;TspBabDfs
7 5 6 3 2 4 1 7 ;92;0,0099771;92;-9300;TspBabBfs
7 5 6 3 2 4 1 7 ;92;0,0122598;92;-9300;TspBabBestFs
1 6 7 2 3 5 4 1 ;67;0,0466917;67;-6800;DfsBruteForce
7 2 3 5 4 1 6 7 ;67;0,0001179;67;-6800;TspNN
6 7 2 3 5 4 1 6 ;67;30;67;-6800;TspRand
7 2 3 5 4 1 6 7 ;67;0,0083884;67;-6800;TspBabDfs
7 2 3 5 4 1 6 7 ;67;0,008013;67;-6800;TspBabBfs
7 2 3 5 4 1 6 7 ;67;0,0102774;67;-6800;TspBabBestFs
1 6 2 5 7 4 3 1 ;87;0,0463955;87;-8800;DfsBruteForce
1 6 2 4 5 7 3 1 ;87;0,0001718;87;-8800;TspNN
7 3 1 6 2 4 5 7 ;87;30;87;-8800;TspRand
7 3 1 6 2 4 5 7 ;87;0,0106549;87;-8800;TspBabDfs
7 4 3 1 6 2 5 7 ;87;0,0108164;87;-8800;TspBabBfs
7 3 1 6 2 4 5 7 ;87;0,0133817;87;-8800;TspBabBestFs
1 7 6 5 3 2 4 1 ;93;0,0466088;93;-9400;DfsBruteForce
5 3 2 7 6 4 1 5 ;98;0,0001724;98;-9900;TspNN
2 6 5 3 4 1 7 2 ;93;30;93;-9400;TspRand
7 2 6 5 3 4 1 7 ;93;0,0135108;93;-9400;TspBabDfs
7 6 5 3 2 4 1 7 ;93;0,0142385;93;-9400;TspBabBfs
7 6 5 3 2 4 1 7 ;93;0,0176547;93;-9400;TspBabBestFs
1 5 2 6 3 7 4 1 ;87;0,047446;87;-8800;DfsBruteForce
2 6 3 7 4 1 5 2 ;87;0,0001411;87;-8800;TspNN
2 6 3 7 4 1 5 2 ;87;30;87;-8800;TspRand
7 4 1 5 2 6 3 7 ;87;0,0090164;87;-8800;TspBabDfs
7 4 1 5 2 6 3 7 ;87;0,0093731;87;-8800;TspBabBfs
7 4 1 5 2 6 3 7 ;87;0,0118194;87;-8800;TspBabBestFs
1 3 6 7 4 5 2 1 ;86;0,0468074;86;-8700;DfsBruteForce
5 2 1 3 7 4 6 5 ;103;0,0001426;103;-10400;TspNN
5 2 1 3 6 7 4 5 ;86;30;86;-8700;TspRand
7 4 5 2 1 3 6 7 ;86;0,0094395;86;-8700;TspBabDfs
7 4 5 2 1 3 6 7 ;86;0,0102213;86;-8700;TspBabBfs
7 4 5 2 1 3 6 7 ;86;0,0111105;86;-8700;TspBabBestFs
1 7 5 8 4 6 2 3 1 ;68;0,417322;68;-6900;DfsBruteForce
4 6 2 3 1 7 5 8 4 ;68;0,0001395;68;-6900;TspNN
8 4 6 2 3 1 7 5 8 ;68;60;68;-6900;TspRand
8 4 6 2 3 1 7 5 8 ;68;0,0187363;68;-6900;TspBabDfs
8 4 6 2 3 1 7 5 8 ;68;0,0189207;68;-6900;TspBabBfs
8 4 6 2 3 1 7 5 8 ;68;0,0240778;68;-6900;TspBabBestFs
1 5 6 3 7 2 4 8 1 ;63;0,410429;63;-6400;DfsBruteForce
1 4 8 5 6 3 7 2 1 ;65;0,0001271;65;-6600;TspNN
3 7 2 4 8 1 5 6 3 ;63;60;63;-6400;TspRand
8 1 5 6 3 7 2 4 8 ;63;0,0189118;63;-6400;TspBabDfs
8 1 5 6 3 7 2 4 8 ;63;0,0202689;63;-6400;TspBabBfs
8 1 5 6 3 7 2 4 8 ;63;0,0235576;63;-6400;TspBabBestFs
1 2 5 4 6 3 8 7 1 ;84;0,406255;84;-8500;DfsBruteForce
1 2 5 4 6 3 8 7 1 ;84;0,0001687;84;-8500;TspNN
1 2 5 4 6 3 8 7 1 ;84;60;84;-8500;TspRand
8 7 1 2 5 4 6 3 8 ;84;0,0313986;84;-8500;TspBabDfs
8 7 1 2 5 4 6 3 8 ;84;0,0315229;84;-8500;TspBabBfs
8 7 1 2 5 4 6 3 8 ;84;0,039652;84;-8500;TspBabBestFs
1 3 2 4 8 7 6 5 1 ;99;0,407311;99;-10000;DfsBruteForce
3 2 4 8 7 5 1 6 3 ;113;0,0001554;113;-11400;TspNN
6 5 1 3 2 4 8 7 6 ;99;60;99;-10000;TspRand
8 7 6 5 1 3 2 4 8 ;99;0,0290224;99;-10000;TspBabDfs
8 7 6 5 1 3 2 4 8 ;99;0,0307638;99;-10000;TspBabBfs
8 7 6 5 1 3 2 4 8 ;99;0,0335272;99;-10000;TspBabBestFs
1 5 2 4 6 3 7 8 1 ;70;0,409229;70;-7100;DfsBruteForce
8 5 2 4 6 3 7 1 8 ;83;0,000155;83;-8400;TspNN
6 3 7 8 1 5 2 4 6 ;70;60;70;-7100;TspRand
8 1 5 2 4 6 3 7 8 ;70;0,0356329;70;-7100;TspBabDfs
8 1 5 2 4 6 3 7 8 ;70;0,0381772;70;-7100;TspBabBfs
8 1 5 2 4 6 3 7 8 ;70;0,0443735;70;-7100;TspBabBestFs
1 5 4 8 7 6 3 2 1 ;101;0,407701;101;-10200;DfsBruteForce
1 5 4 8 7 6 3 2 1 ;101;0,0001798;101;-10200;TspNN
3 7 1 2 8 5 4 6 3 ;101;60;101;-10200;TspRand
8 5 4 6 3 7 1 2 8 ;101;0,061329;101;-10200;TspBabDfs
8 7 6 3 2 1 5 4 8 ;101;0,0616015;101;-10200;TspBabBfs
8 7 6 3 2 1 5 4 8 ;101;0,0804079;101;-10200;TspBabBestFs
1 7 8 4 5 3 6 2 1 ;60;0,411131;60;-6100;DfsBruteForce
5 3 6 2 1 7 8 4 5 ;60;0,0002051;60;-6100;TspNN
6 3 8 4 5 1 7 2 6 ;60;60;60;-6100;TspRand
8 4 5 1 7 2 6 3 8 ;60;0,0210327;60;-6100;TspBabDfs
8 4 5 3 6 2 1 7 8 ;60;0,0213735;60;-6100;TspBabBfs
8 4 5 3 6 2 1 7 8 ;60;0,0270817;60;-6100;TspBabBestFs
1 5 7 8 3 2 6 4 1 ;67;0,408981;67;-6800;DfsBruteForce
1 5 7 8 3 2 6 4 1 ;67;0,0001547;67;-6800;TspNN
6 4 1 5 7 8 3 2 6 ;67;60;67;-6800;TspRand
8 3 2 6 4 1 5 7 8 ;67;0,0201814;67;-6800;TspBabDfs
8 3 2 6 4 1 5 7 8 ;67;0,0218845;67;-6800;TspBabBfs
8 3 2 6 4 1 5 7 8 ;67;0,0253955;67;-6800;TspBabBestFs
1 2 5 7 6 4 3 8 1 ;75;0,410909;75;-7600;DfsBruteForce
7 6 4 2 5 3 8 1 7 ;87;0,0001818;87;-8800;TspNN
6 4 3 8 1 2 5 7 6 ;75;60;75;-7600;TspRand
8 1 2 5 7 6 4 3 8 ;75;0,026456;75;-7600;TspBabDfs
8 1 2 5 7 6 4 3 8 ;75;0,0271312;75;-7600;TspBabBfs
8 1 2 5 7 6 4 3 8 ;75;0,0326699;75;-7600;TspBabBestFs
1 7 4 6 3 8 5 2 1 ;55;0,411116;55;-5600;DfsBruteForce
3 8 4 1 7 5 2 6 3 ;73;0,0001982;73;-7400;TspNN
8 5 2 1 7 4 6 3 8 ;55;60;55;-5600;TspRand
8 5 2 1 7 4 6 3 8 ;55;0,0187056;55;-5600;TspBabDfs
8 5 2 1 7 4 6 3 8 ;55;0,0215687;55;-5600;TspBabBfs
8 5 2 1 7 4 6 3 8 ;55;0,0221021;55;-5600;TspBabBestFs
1 8 2 4 7 5 3 9 6 1 ;95;4,0009;95;-9600;DfsBruteForce
1 8 7 5 3 9 6 4 2 1 ;97;0,0002223;97;-9800;TspNN
9 6 1 8 2 4 7 5 3 9 ;95;0,218367;95;-9600;TspBabDfs
9 6 8 2 4 7 1 5 3 9 ;95;0,219549;95;-9600;TspBabBfs
9 6 1 8 2 4 7 5 3 9 ;95;0,267122;95;-9600;TspBabBestFs
1 4 8 6 2 9 7 5 3 1 ;77;3,9789;77;-7800;DfsBruteForce
4 8 2 9 7 5 3 6 1 4 ;84;0,0002006;84;-8500;TspNN
9 7 5 3 1 4 8 6 2 9 ;77;0,0966114;77;-7800;TspBabDfs
9 7 5 3 1 4 8 6 2 9 ;77;0,0991473;77;-7800;TspBabBfs
9 7 5 3 1 4 8 6 2 9 ;77;0,112003;77;-7800;TspBabBestFs
1 8 5 7 3 4 2 6 9 1 ;41;4,05409;41;-4200;DfsBruteForce
3 4 2 9 1 8 7 6 5 3 ;78;0,0002347;78;-7900;TspNN
9 1 8 5 7 3 4 2 6 9 ;41;0,018914;41;-4200;TspBabDfs
9 1 8 5 7 3 4 2 6 9 ;41;0,0366518;41;-4200;TspBabBfs
9 1 8 5 7 3 4 2 6 9 ;41;0,0213417;41;-4200;TspBabBestFs
1 3 9 8 6 7 5 2 4 1 ;124;3,97267;124;-12500;DfsBruteForce
6 7 5 2 4 1 9 8 3 6 ;143;0,0002128;143;-14400;TspNN
9 8 6 7 5 2 4 1 3 9 ;124;0,381929;124;-12500;TspBabDfs
9 8 6 7 5 2 4 1 3 9 ;124;0,408598;124;-12500;TspBabBfs
9 8 6 7 5 2 4 1 3 9 ;124;0,465806;124;-12500;TspBabBestFs
1 4 8 6 9 2 3 7 5 1 ;79;3,97603;79;-8000;DfsBruteForce
4 8 6 9 2 3 7 5 1 4 ;79;0,0001992;79;-8000;TspNN
9 2 3 7 5 1 4 8 6 9 ;79;0,0972789;79;-8000;TspBabDfs
9 2 3 7 5 1 4 8 6 9 ;79;0,0976561;79;-8000;TspBabBfs
9 2 3 7 5 1 4 8 6 9 ;79;0,118305;79;-8000;TspBabBestFs
1 3 8 4 2 6 7 9 5 1 ;76;3,99077;76;-7700;DfsBruteForce
4 2 6 7 9 5 1 3 8 4 ;76;0,0002097;76;-7700;TspNN
9 5 1 3 8 4 2 6 7 9 ;76;0,0736344;76;-7700;TspBabDfs
9 5 1 3 8 4 2 6 7 9 ;76;0,0763193;76;-7700;TspBabBfs
9 5 1 3 8 4 2 6 7 9 ;76;0,0911241;76;-7700;TspBabBestFs
1 9 4 7 5 6 3 2 8 1 ;47;4,04741;47;-4800;DfsBruteForce
1 9 4 7 5 6 3 2 8 1 ;47;0,0003076;47;-4800;TspNN
9 4 7 5 6 3 2 8 1 9 ;47;0,013074;47;-4800;TspBabDfs
9 4 7 5 6 3 2 8 1 9 ;47;0,013486;47;-4800;TspBabBfs
9 4 7 5 6 3 2 8 1 9 ;47;0,0166781;47;-4800;TspBabBestFs
1 8 2 5 4 7 9 6 3 1 ;65;4,11501;65;-6600;DfsBruteForce
1 8 2 5 4 7 9 6 3 1 ;65;0,000322;65;-6600;TspNN
9 6 3 1 8 2 5 4 7 9 ;65;0,0423068;65;-6600;TspBabDfs
9 6 3 1 8 2 5 4 7 9 ;65;0,0423065;65;-6600;TspBabBfs
9 6 3 1 8 2 5 4 7 9 ;65;0,0503832;65;-6600;TspBabBestFs
1 7 2 4 8 9 6 5 3 1 ;105;4,07471;105;-10600;DfsBruteForce
2 8 1 6 5 3 4 9 7 2 ;121;0,0002766;121;-12200;TspNN
9 6 5 3 1 7 2 4 8 9 ;105;0,20691;105;-10600;TspBabDfs
9 6 5 3 1 7 2 4 8 9 ;105;0,227425;105;-10600;TspBabBfs
9 6 5 3 1 7 2 4 8 9 ;105;0,248472;105;-10600;TspBabBestFs
1 4 9 6 3 7 8 5 2 1 ;122;4,00035;122;-12300;DfsBruteForce
5 2 1 4 9 8 3 6 7 5 ;153;0,0002193;153;-15400;TspNN
9 6 3 7 8 5 2 1 4 9 ;122;0,318504;122;-12300;TspBabDfs
9 6 3 7 8 5 2 1 4 9 ;122;0,36607;122;-12300;TspBabBfs
9 6 3 7 8 5 2 1 4 9 ;122;0,387674;122;-12300;TspBabBestFs
1 2 4 5 6 10 3 9 8 7 1 ;153;43,2856;153;-15400;DfsBruteForce
5 9 8 7 1 4 6 10 3 2 5 ;177;0,0003616;177;-17800;TspNN
10 3 9 8 7 1 2 4 5 6 10 ;153;0,301451;153;-15400;TspBabDfs
10 3 9 8 7 1 2 4 5 6 10 ;153;0,332234;153;-15400;TspBabBfs
10 3 9 8 7 1 2 4 5 6 10 ;153;0,378448;153;-15400;TspBabBestFs
1 6 7 2 9 4 5 10 3 8 1 ;204;43,2182;204;-20500;DfsBruteForce
10 3 7 2 9 4 5 6 8 1 10 ;247;0,0002726;247;-24800;TspNN
10 3 8 1 6 7 2 9 4 5 10 ;204;0,72617;204;-20500;TspBabDfs
10 3 8 1 6 7 2 9 4 5 10 ;204;0,824936;204;-20500;TspBabBfs
10 3 8 1 6 7 2 9 4 5 10 ;204;0,824863;204;-20500;TspBabBestFs
1 2 6 4 5 8 3 10 9 7 1 ;168;44,2173;168;-16900;DfsBruteForce
9 7 1 5 3 10 2 4 8 6 9 ;220;0,0002714;220;-22100;TspNN
10 9 7 1 2 6 4 5 8 3 10 ;168;0,535533;168;-16900;TspBabDfs
10 9 7 1 2 6 4 5 8 3 10 ;168;0,677234;168;-16900;TspBabBfs
10 9 7 1 2 6 4 5 8 3 10 ;168;0,643142;168;-16900;TspBabBestFs
1 4 2 5 10 7 3 9 6 8 1 ;188;43,1411;188;-18900;DfsBruteForce
3 9 6 8 1 4 2 5 10 7 3 ;188;0,0002491;188;-18900;TspNN
10 7 3 9 6 8 1 4 2 5 10 ;188;0,651003;188;-18900;TspBabDfs
10 7 3 9 6 8 1 4 2 5 10 ;188;0,658168;188;-18900;TspBabBfs
10 7 3 9 6 8 1 4 2 5 10 ;188;0,824558;188;-18900;TspBabBestFs
1 4 6 8 3 7 5 10 9 2 1 ;208;43,1861;208;-20900;DfsBruteForce
2 7 5 10 1 4 6 8 3 9 2 ;236;0,0002468;236;-23700;TspNN
10 9 2 1 4 6 8 3 7 5 10 ;208;0,871592;208;-20900;TspBabDfs
10 9 2 1 4 6 8 3 7 5 10 ;208;0,947578;208;-20900;TspBabBfs
10 9 2 1 4 6 8 3 7 5 10 ;208;1,03481;208;-20900;TspBabBestFs
1 2 8 3 5 6 10 4 9 7 1 ;165;43,2599;165;-16600;DfsBruteForce
5 6 10 4 2 8 3 9 7 1 5 ;180;0,0002999;180;-18100;TspNN
10 4 9 7 1 2 8 3 5 6 10 ;165;0,436654;165;-16600;TspBabDfs
10 4 9 7 1 2 8 3 5 6 10 ;165;0,452484;165;-16600;TspBabBfs
10 4 9 7 1 2 8 3 5 6 10 ;165;0,531407;165;-16600;TspBabBestFs
1 3 7 5 9 8 2 4 10 6 1 ;161;43,0495;161;-16200;DfsBruteForce
3 1 4 10 6 2 5 9 8 7 3 ;210;0,0002663;210;-21100;TspNN
10 6 1 3 7 5 9 8 2 4 10 ;161;0,428918;161;-16200;TspBabDfs
10 6 1 3 7 5 9 8 2 4 10 ;161;0,517613;161;-16200;TspBabBfs
10 6 1 3 7 5 9 8 2 4 10 ;161;0,511204;161;-16200;TspBabBestFs
1 3 5 9 7 8 6 2 4 10 1 ;217;43,3758;217;-21800;DfsBruteForce
8 6 10 1 7 4 9 3 5 2 8 ;257;0,0002647;257;-25800;TspNN
10 1 3 5 9 7 8 6 2 4 10 ;217;1,2265;217;-21800;TspBabDfs
10 1 3 5 9 7 8 6 2 4 10 ;217;1,33402;217;-21800;TspBabBfs
10 1 3 5 9 7 8 6 2 4 10 ;217;1,49113;217;-21800;TspBabBestFs
1 10 8 3 4 9 2 6 7 5 1 ;192;43,1969;192;-19300;DfsBruteForce
10 8 3 4 9 2 6 7 5 1 10 ;192;0,0003293;192;-19300;TspNN
10 8 3 4 9 2 6 7 5 1 10 ;192;0,602794;192;-19300;TspBabDfs
10 8 3 4 9 2 6 7 5 1 10 ;192;0,611834;192;-19300;TspBabBfs
10 8 3 4 9 2 6 7 5 1 10 ;192;0,754113;192;-19300;TspBabBestFs
1 2 9 4 5 10 6 8 7 3 1 ;147;43,1816;147;-14800;DfsBruteForce
7 3 1 2 9 4 5 10 6 8 7 ;147;0,0002468;147;-14800;TspNN
10 6 8 7 3 1 2 9 4 5 10 ;147;0,172913;147;-14800;TspBabDfs
10 6 8 7 3 1 2 9 4 5 10 ;147;0,176134;147;-14800;TspBabBfs
10 6 8 7 3 1 2 9 4 5 10 ;147;0,212035;147;-14800;TspBabBestFs
1 10 8 9 7 11 4 5 3 6 2 1 ;178;541,177;178;-17900;DfsBruteForce
6 2 1 10 8 9 4 5 3 7 11 6 ;186;0,0002695;186;-18700;TspNN
11 4 5 3 6 2 1 10 8 9 7 11 ;178;1,93153;178;-17900;TspBabDfs
11 8 10 2 1 7 9 4 5 3 6 11 ;178;2,0112;178;-17900;TspBabBfs
11 8 10 2 1 7 9 4 5 3 6 11 ;178;2,32277;178;-17900;TspBabBestFs
1 2 8 4 3 6 7 5 9 11 10 1 ;169;543,053;169;-17000;DfsBruteForce
4 3 6 9 11 2 5 7 10 1 8 4 ;184;0,000352;184;-18500;TspNN
11 10 1 2 8 4 3 6 7 5 9 11 ;169;0,917547;169;-17000;TspBabDfs
11 10 1 2 8 4 3 6 7 5 9 11 ;169;0,955148;169;-17000;TspBabBfs
11 10 1 2 8 4 3 6 7 5 9 11 ;169;1,04835;169;-17000;TspBabBestFs
1 8 10 6 11 5 7 9 2 3 4 1 ;134;543,777;134;-13500;DfsBruteForce
5 7 9 2 3 4 1 8 10 6 11 5 ;134;0,0003178;134;-13500;TspNN
11 5 7 9 2 3 4 1 8 10 6 11 ;134;0,627026;134;-13500;TspBabDfs
11 5 7 9 2 3 4 1 8 10 6 11 ;134;0,627742;134;-13500;TspBabBfs
11 5 7 9 2 3 4 1 8 10 6 11 ;134;0,730905;134;-13500;TspBabBestFs
1 4 3 5 2 6 8 9 11 10 7 1 ;175;545,131;175;-17600;DfsBruteForce
6 8 9 10 7 1 4 3 5 2 11 6 ;247;0,0006254;247;-24800;TspNN
11 10 7 1 4 3 5 2 6 8 9 11 ;175;2,1458;175;-17600;TspBabDfs
11 10 7 1 4 3 5 2 6 8 9 11 ;175;3,11239;175;-17600;TspBabBfs
11 10 7 1 4 3 5 2 6 8 9 11 ;175;2,15799;175;-17600;TspBabBestFs
1 10 3 5 2 6 4 8 9 11 7 1 ;192;543,773;192;-19300;DfsBruteForce
11 3 5 4 8 9 6 10 1 7 2 11 ;223;0,0003211;223;-22400;TspNN
11 7 1 10 3 5 2 6 4 8 9 11 ;192;3,44771;192;-19300;TspBabDfs
11 7 1 10 3 5 2 6 4 8 9 11 ;192;3,8415;192;-19300;TspBabBfs
11 7 1 10 3 5 2 6 4 8 9 11 ;192;3,98175;192;-19300;TspBabBestFs
1 2 7 5 8 3 11 4 9 10 6 1 ;151;541,965;151;-15200;DfsBruteForce
11 4 8 9 10 6 1 2 7 5 3 11 ;221;0,0003164;221;-22200;TspNN
11 4 9 10 6 1 2 7 5 8 3 11 ;151;1,16644;151;-15200;TspBabDfs
11 4 9 10 6 1 2 7 5 8 3 11 ;151;1,89196;151;-15200;TspBabBfs
11 4 9 10 6 1 2 7 5 8 3 11 ;151;1,2826;151;-15200;TspBabBestFs
1 8 3 6 10 4 7 2 5 9 11 1 ;195;540,078;195;-19600;DfsBruteForce
3 6 2 1 10 4 7 5 9 11 8 3 ;198;0,0003409;198;-19900;TspNN
11 1 8 3 6 10 4 7 2 5 9 11 ;195;2,18461;195;-19600;TspBabDfs
11 1 8 3 6 10 4 7 2 5 9 11 ;195;2,20174;195;-19600;TspBabBfs
11 1 8 3 6 10 4 7 2 5 9 11 ;195;2,61098;195;-19600;TspBabBestFs
1 6 9 4 3 5 11 7 8 2 10 1 ;82;542,732;82;-8300;DfsBruteForce
11 7 8 2 3 9 4 6 5 10 1 11 ;183;0,0003184;183;-18400;TspNN
11 7 8 2 10 1 6 9 4 3 5 11 ;82;0,235815;82;-8300;TspBabDfs
11 7 8 2 10 1 6 9 4 3 5 11 ;82;1,22694;82;-8300;TspBabBfs
11 7 8 2 10 1 6 9 4 3 5 11 ;82;0,192239;82;-8300;TspBabBestFs
2 12 6 4 1 5 7 10 8 11 3 9 2 ;172;1800;172;-17300;DfsBruteForce
11 12 10 8 9 2 6 3 4 1 5 7 11 ;236;0,0004508;236;-23700;TspNN
12 6 4 1 5 7 10 8 11 3 9 2 12 ;172;5,95546;172;-17300;TspBabDfs
12 6 4 1 5 7 10 8 11 3 9 2 12 ;172;8,88543;172;-17300;TspBabBfs
12 6 4 1 5 7 10 8 11 3 9 2 12 ;172;6,93601;172;-17300;TspBabBestFs
2 12 8 6 3 9 1 4 5 7 10 11 2 ;194;1800;194;-19500;DfsBruteForce
9 1 12 7 10 11 2 3 8 6 4 5 9 ;211;0,0004688;211;-21200;TspNN
12 8 6 3 9 1 4 5 7 10 11 2 12 ;194;9,51147;194;-19500;TspBabDfs
12 8 6 3 9 1 4 5 7 10 11 2 12 ;194;9,77918;194;-19500;TspBabBfs
12 8 6 3 9 1 4 5 7 10 11 2 12 ;194;11,2176;194;-19500;TspBabBestFs
3 11 2 6 10 8 12 1 9 5 7 4 3 ;186;1800;186;-18700;DfsBruteForce
2 1 12 5 7 4 3 10 8 11 9 6 2 ;196;0,0003935;196;-19700;TspNN
12 1 9 5 7 4 3 11 2 6 10 8 12 ;186;5,8693;186;-18700;TspBabDfs
12 1 9 5 7 4 3 11 2 6 10 8 12 ;186;5,98601;186;-18700;TspBabBfs
12 1 9 5 7 4 3 11 2 6 10 8 12 ;186;6,90368;186;-18700;TspBabBestFs
1 11 4 7 3 10 8 9 6 12 2 5 1 ;193;1800;193;-19400;DfsBruteForce
1 11 12 10 9 6 2 8 7 3 4 5 1 ;217;0,0004023;217;-21800;TspNN
12 2 5 1 11 4 7 3 10 8 9 6 12 ;193;9,86411;193;-19400;TspBabDfs
12 2 5 1 11 4 7 3 10 8 9 6 12 ;193;10,3025;193;-19400;TspBabBfs
12 2 5 1 11 4 7 3 10 8 9 6 12 ;193;11,5697;193;-19400;TspBabBestFs
2 12 10 5 4 6 8 9 3 1 7 11 2 ;196;1800;196;-19700;DfsBruteForce
11 2 12 10 5 4 6 3 1 8 9 7 11 ;207;0,0004373;207;-20800;TspNN
12 10 5 4 6 8 9 3 1 7 11 2 12 ;196;12,0539;196;-19700;TspBabDfs
12 10 5 4 6 8 9 3 1 7 11 2 12 ;196;11,8935;196;-19700;TspBabBfs
12 10 5 4 6 8 9 3 1 7 11 2 12 ;196;13,9316;196;-19700;TspBabBestFs
6 11 10 2 9 12 1 5 3 4 7 8 6 ;137;1800;137;-13800;DfsBruteForce
3 5 9 10 2 6 7 8 4 1 11 12 3 ;169;0,0005988;169;-17000;TspNN
12 1 5 3 4 7 8 6 11 10 2 9 12 ;137;3,12765;137;-13800;TspBabDfs
12 1 5 3 4 7 8 6 11 10 2 9 12 ;137;3,49111;137;-13800;TspBabBfs
12 1 5 3 4 7 8 6 11 10 2 9 12 ;137;3,38759;137;-13800;TspBabBestFs
6 11 10 8 12 7 9 2 5 3 1 4 6 ;235;1800;235;-23600;DfsBruteForce
2 5 11 12 7 9 3 8 10 1 4 6 2 ;279;0,0004174;279;-28000;TspNN
12 7 9 2 5 3 1 4 6 11 10 8 12 ;235;31,7288;235;-23600;TspBabDfs
12 7 9 2 5 3 1 4 6 11 10 8 12 ;235;37,7266;235;-23600;TspBabBfs
12 7 9 2 5 3 1 4 6 11 10 8 12 ;235;37,0762;235;-23600;TspBabBestFs
1 11 8 7 12 6 3 9 5 2 10 4 1 ;160;1800;160;-16100;DfsBruteForce
4 12 6 11 8 2 10 7 1 3 9 5 4 ;196;0,0005721;196;-19700;TspNN
12 6 3 9 5 2 10 4 1 11 8 7 12 ;160;5,01987;160;-16100;TspBabDfs
12 6 3 9 5 2 10 4 1 11 8 7 12 ;160;6,15147;160;-16100;TspBabBfs
12 6 3 9 5 2 10 4 1 11 8 7 12 ;160;5,81028;160;-16100;TspBabBestFs
7 10 2 5 9 11 1 3 8 12 6 4 7 ;150;1800;150;-15100;DfsBruteForce
1 3 8 12 6 4 7 10 2 5 9 11 1 ;150;0,0005621;150;-15100;TspNN
12 6 4 7 10 2 5 9 11 1 3 8 12 ;150;4,50812;150;-15100;TspBabDfs
12 6 4 7 10 2 5 9 11 1 3 8 12 ;150;4,35126;150;-15100;TspBabBfs
12 6 4 7 10 2 5 9 11 1 3 8 12 ;150;5,18632;150;-15100;TspBabBestFs
5 12 11 10 7 4 9 1 3 8 2 6 5 ;167;1800;167;-16800;DfsBruteForce
2 6 10 7 12 11 1 3 8 4 9 5 2 ;250;0,0004072;250;-25100;TspNN
12 11 10 7 4 9 1 3 8 2 6 5 12 ;167;5,46204;167;-16800;TspBabDfs
12 11 10 7 4 9 1 3 8 2 6 5 12 ;167;10,0663;167;-16800;TspBabBfs
12 11 10 7 4 9 1 3 8 2 6 5 12 ;167;5,72728;167;-16800;TspBabBestFs
7 13 10 6 1 8 3 12 5 4 2 11 9 7 ;296;1794;296;-29700;DfsBruteForce
4 2 11 9 3 12 5 13 10 6 1 8 7 4 ;455;0,0004653;455;-45600;TspNN
13 10 6 1 8 3 12 2 11 9 7 4 5 13 ;237;1,73862;237;-23800;TspBabDfs
13 10 6 1 8 3 12 2 11 9 7 4 5 13 ;237;5,13911;237;-23800;TspBabBfs
13 10 6 1 8 3 12 2 11 9 7 4 5 13 ;237;1,00937;237;-23800;TspBabBestFs
3 13 11 12 8 7 4 9 2 6 1 5 10 3 ;557;1794;557;-55800;DfsBruteForce
2 8 7 9 1 5 6 10 3 13 4 11 12 2 ;517;0,0004335;517;-51800;TspNN
13 1 5 11 12 8 7 4 9 2 6 10 3 13 ;402;11,3662;402;-40300;TspBabDfs
13 1 5 11 12 8 7 4 9 2 6 10 3 13 ;402;13,8067;402;-40300;TspBabBfs
13 1 5 11 12 8 7 4 9 2 6 10 3 13 ;402;12,0527;402;-40300;TspBabBestFs
1 13 11 8 10 9 12 2 3 7 4 5 6 1 ;326;1794;326;-32700;DfsBruteForce
11 8 13 1 7 4 5 6 10 2 3 9 12 11 ;302;0,0004478;302;-30300;TspNN
13 1 7 4 5 6 10 9 12 2 3 11 8 13 ;217;1,14947;217;-21800;TspBabDfs
13 1 7 4 5 6 10 9 12 2 3 11 8 13 ;217;1,36698;217;-21800;TspBabBfs
13 1 7 4 5 6 10 9 12 2 3 11 8 13 ;217;1,15047;217;-21800;TspBabBestFs
12 13 11 5 6 10 2 7 4 9 8 1 3 12 ;412;1794;412;-41300;DfsBruteForce
2 7 4 9 3 11 5 6 10 8 1 13 12 2 ;431;0,0004554;431;-43200;TspNN
13 11 5 6 10 2 7 4 9 8 1 3 12 13 ;412;7,42343;412;-41300;TspBabDfs
13 11 5 6 10 2 7 4 9 8 1 3 12 13 ;412;7,42056;412;-41300;TspBabBfs
13 11 5 6 10 2 7 4 9 8 1 3 12 13 ;412;8,51334;412;-41300;TspBabBestFs
12 13 10 11 5 2 1 7 6 3 9 8 4 12 ;584;1794;584;-58500;DfsBruteForce
4 12 10 13 5 9 7 6 3 8 2 1 11 4 ;611;0,0004488;611;-61200;TspNN
13 5 9 11 2 1 7 6 3 8 4 12 10 13 ;475;43,978;475;-47600;TspBabDfs
13 5 9 11 2 1 7 6 3 8 4 12 10 13 ;475;65,2746;475;-47600;TspBabBfs
13 5 9 11 2 1 7 6 3 8 4 12 10 13 ;475;47,1876;475;-47600;TspBabBestFs
8 13 10 12 7 1 9 11 6 4 5 2 3 8 ;457;1794;457;-45800;DfsBruteForce
1 5 3 12 7 2 9 11 10 6 4 8 13 1 ;535;0,000656;535;-53600;TspNN
13 10 5 12 1 9 11 6 4 7 2 3 8 13 ;376;9,68261;376;-37700;TspBabDfs
13 10 5 12 1 9 11 6 4 7 2 3 8 13 ;376;17,6603;376;-37700;TspBabBfs
13 10 5 12 1 9 11 6 4 7 2 3 8 13 ;376;10,8595;376;-37700;TspBabBestFs
13 14 12 11 1 4 5 10 2 6 3 8 9 7 13 ;814;1792;814;-81500;DfsBruteForce
7 13 3 4 5 11 1 8 9 10 2 6 14 12 7 ;827;0,0005579;827;-82800;TspNN
14 12 11 8 9 7 6 5 10 2 1 13 3 4 14 ;499;5,40174;499;-50000;TspBabDfs
14 12 11 8 9 7 6 5 10 2 1 13 3 4 14 ;499;16,5273;499;-50000;TspBabBfs
14 12 11 8 9 7 6 5 10 2 1 13 3 4 14 ;499;5,99324;499;-50000;TspBabBestFs
7 14 13 11 4 8 3 2 6 12 1 5 9 10 7 ;708;1792;708;-70900;DfsBruteForce
13 11 4 8 3 2 6 12 1 9 10 7 14 5 13 ;842;0,0005095;842;-84300;TspNN
14 11 4 8 3 2 6 12 1 5 9 10 13 7 14 ;679;8,59919;679;-68000;TspBabDfs
14 11 4 8 3 2 6 12 1 5 9 10 13 7 14 ;679;10,06;679;-68000;TspBabBfs
14 11 4 8 3 2 6 12 1 5 9 10 13 7 14 ;679;9,72578;679;-68000;TspBabBestFs
2 14 13 11 8 1 7 4 3 6 10 9 5 12 2 ;1059;1792;1059;-106000;DfsBruteForce
6 10 9 5 1 14 12 7 4 2 11 13 8 3 6 ;822;0,0005013;822;-82300;TspNN
14 12 7 4 2 5 3 6 10 9 11 13 8 1 14 ;817;38,8154;817;-81800;TspBabDfs
14 12 7 4 2 5 3 6 10 9 11 13 8 1 14 ;817;39,7936;817;-81800;TspBabBfs
14 12 7 4 2 5 3 6 10 9 11 13 8 1 14 ;817;45,7487;817;-81800;TspBabBestFs
13 14 12 10 4 5 3 11 2 9 6 8 1 7 13 ;1426;1792;1426;-142700;DfsBruteForce
12 7 1 13 2 9 4 5 3 11 10 6 8 14 12 ;966;0,0005173;966;-96700;TspNN
14 12 7 1 13 2 9 4 5 3 11 10 6 8 14 ;966;84,8013;966;-96700;TspBabDfs
14 12 7 1 13 2 9 4 5 3 11 10 6 8 14 ;966;86,1079;966;-96700;TspBabBfs
14 12 7 1 13 2 9 4 5 3 11 10 6 8 14 ;966;100,534;966;-96700;TspBabBestFs
12 14 13 11 7 9 1 8 3 2 5 6 4 10 12 ;1254;1792;1254;-125500;DfsBruteForce
4 10 13 7 9 12 14 5 8 3 2 1 11 6 4 ;968;0,000564;968;-96900;TspNN
14 5 8 11 2 1 13 7 9 3 10 6 4 12 14 ;786;33,3873;786;-78700;TspBabDfs
14 5 8 11 2 1 13 7 9 3 10 6 4 12 14 ;786;40,9697;786;-78700;TspBabBfs
14 5 8 11 2 1 13 7 9 3 10 6 4 12 14 ;786;38,2147;786;-78700;TspBabBestFs
7 14 13 10 11 4 2 6 5 9 8 1 12 3 7 ;1257;1792;1257;-125800;DfsBruteForce
9 8 13 4 2 10 1 12 3 11 7 14 6 5 9 ;663;0,0005258;663;-66400;TspNN
14 6 5 9 8 13 4 2 10 1 12 3 11 7 14 ;663;12,7023;663;-66400;TspBabDfs
14 6 5 9 8 13 4 2 10 1 12 3 11 7 14 ;663;12,9602;663;-66400;TspBabBfs
14 6 5 9 8 13 4 2 10 1 12 3 11 7 14 ;663;14,7467;663;-66400;TspBabBestFs
4 14 13 10 11 6 12 3 2 9 5 8 7 1 4 ;1125;1792;1125;-112600;DfsBruteForce
2 7 12 10 14 4 11 6 13 8 1 5 3 9 2 ;1234;0,0004842;1234;-123500;TspNN
14 4 11 6 7 3 2 9 5 13 8 1 12 10 14 ;953;247,304;953;-95400;TspBabDfs
14 4 11 6 7 3 2 9 5 13 8 1 12 10 14 ;953;666,844;953;-95400;TspBabBfs
14 4 11 6 7 3 2 9 5 13 8 1 12 10 14 ;953;285,764;953;-95400;TspBabBestFs
12 14 13 9 8 11 2 7 10 3 5 6 1 4 12 ;1042;1792;1042;-104300;DfsBruteForce
2 7 10 3 14 1 6 5 9 8 12 4 13 11 2 ;961;0,0004887;961;-96200;TspNN
14 2 7 10 13 1 6 8 11 4 12 5 9 3 14 ;579;7,06457;579;-58000;TspBabDfs
14 2 7 10 13 1 6 8 11 4 12 5 9 3 14 ;579;19,4615;579;-58000;TspBabBfs
14 2 7 10 13 1 6 8 11 4 12 5 9 3 14 ;579;6,72942;579;-58000;TspBabBestFs
6 14 13 11 4 8 10 1 9 7 5 3 12 2 6 ;1093;1792;1093;-109400;DfsBruteForce
12 2 9 7 5 4 8 3 13 1 10 6 14 11 12 ;1003;0,0005198;1003;-100400;TspNN
14 11 4 8 10 1 9 7 5 3 13 12 2 6 14 ;756;26,8514;756;-75700;TspBabDfs
14 11 4 8 10 1 9 7 5 3 13 12 2 6 14 ;756;37,8673;756;-75700;TspBabBfs
14 11 4 8 10 1 9 7 5 3 13 12 2 6 14 ;756;31,1151;756;-75700;TspBabBestFs
3 14 13 12 1 7 11 2 9 6 4 10 5 8 3 ;825;1792;825;-82600;DfsBruteForce
8 3 14 13 2 9 6 4 10 12 1 7 11 5 8 ;940;0,0005257;940;-94100;TspNN
14 13 8 5 6 4 10 12 1 7 11 2 9 3 14 ;681;14,4948;681;-68200;TspBabDfs
14 13 8 5 6 4 10 12 1 7 11 2 9 3 14 ;681;22,8758;681;-68200;TspBabBfs
14 13 8 5 6 4 10 12 1 7 11 2 9 3 14 ;681;14,9918;681;-68200;TspBabBestFs
14 15 13 12 10 3 4 9 7 11 1 5 8 6 2 14 ;2615;1800;2615;-261600;DfsBruteForce
14 9 7 11 10 3 15 5 8 4 12 1 6 2 13 14 ;2325;0,0005661;2325;-232600;TspNN
15 5 8 6 2 4 12 1 9 7 11 10 14 13 3 15 ;1638;119,365;1638;-163900;TspBabDfs
15 5 8 6 2 4 12 1 9 7 11 10 14 13 3 15 ;1638;1219,5;1638;-163900;TspBabBfs
15 5 8 6 2 4 12 1 9 7 11 10 14 13 3 15 ;1638;130,213;1638;-163900;TspBabBestFs
8 15 14 13 11 12 6 3 2 1 5 10 9 7 4 8 ;2488;1800;2488;-248900;DfsBruteForce
8 10 4 15 7 14 1 5 6 11 12 3 13 9 2 8 ;2287;0,001196;2287;-228800;TspNN
15 7 11 12 3 2 1 5 6 13 9 14 10 4 8 15 ;1658;407,868;1658;-165900;TspBabDfs
;2287;1805,19;-1;-0;TspBabBfs
15 7 11 12 3 2 1 5 6 13 9 14 10 4 8 15 ;1658;453,229;1658;-165900;TspBabBestFs
5 15 14 13 11 8 10 2 1 7 3 9 4 6 12 5 ;2905;1800;2905;-290600;DfsBruteForce
5 13 9 4 12 3 2 1 7 8 10 6 14 11 15 5 ;1908;0,0006077;1908;-190900;TspNN
15 6 14 4 11 8 10 12 3 9 2 1 7 5 13 15 ;1727;106,896;1727;-172800;TspBabDfs
15 6 14 4 11 8 10 12 3 9 2 1 7 5 13 15 ;1727;115,673;1727;-172800;TspBabBfs
15 6 14 4 11 8 10 12 3 9 2 1 7 5 13 15 ;1727;121,381;1727;-172800;TspBabBestFs
14 15 13 12 10 2 3 9 11 1 4 5 6 8 7 14 ;3452;1800;3452;-345300;DfsBruteForce
14 6 8 2 15 12 1 4 9 11 10 5 3 7 13 14 ;2728;0,0005679;2728;-272900;TspNN
15 12 1 4 5 3 7 14 6 8 2 13 9 11 10 15 ;1794;230,16;1794;-179500;TspBabDfs
;2728;1806,22;-1;-0;TspBabBfs
15 12 1 4 5 3 7 14 6 8 2 13 9 11 10 15 ;1794;205,59;1794;-179500;TspBabBestFs
2 15 14 13 12 3 7 10 8 11 4 5 1 6 9 2 ;2977;1800;2977;-297800;DfsBruteForce
15 3 9 2 12 14 5 1 6 13 4 11 7 10 8 15 ;2565;0,0005034;2565;-256600;TspNN
15 7 1 6 3 9 2 13 4 11 12 14 5 10 8 15 ;2046;705,877;2046;-204700;TspBabDfs
;2565;1804,77;-1;-0;TspBabBfs
15 7 1 6 3 9 2 13 4 11 12 14 5 10 8 15 ;2046;763,331;2046;-204700;TspBabBestFs
10 15 14 13 11 12 6 5 1 2 8 9 4 7 3 10 ;2536;1800;2536;-253700;DfsBruteForce
12 6 1 2 14 13 11 5 3 4 7 8 9 10 15 12 ;2150;0,0005485;2150;-215100;TspNN
15 6 5 1 3 4 7 13 11 12 14 2 8 9 10 15 ;1637;216,46;1637;-163800;TspBabDfs
15 6 5 1 3 4 7 13 11 12 14 2 8 9 10 15 ;1637;408,062;1637;-163800;TspBabBfs
15 6 5 1 3 4 7 13 11 12 14 2 8 9 10 15 ;1637;218,71;1637;-163800;TspBabBestFs
8 15 14 13 11 5 4 1 10 3 12 7 6 9 2 8 ;3044;1800;3044;-304500;DfsBruteForce
4 1 3 12 7 9 13 2 8 15 5 6 10 14 11 4 ;2538;0,0005671;2538;-253900;TspNN
15 2 8 3 12 7 6 9 13 11 4 1 10 14 5 15 ;2122;327,157;2122;-212300;TspBabDfs
15 2 8 3 12 7 6 9 13 11 4 1 10 14 5 15 ;2122;509,621;2122;-212300;TspBabBfs
15 2 8 3 12 7 6 9 13 11 4 1 10 14 5 15 ;2122;375,076;2122;-212300;TspBabBestFs
12 15 14 13 10 6 11 1 2 7 9 3 8 5 4 12 ;2911;1800;2911;-291200;DfsBruteForce
1 14 13 7 6 11 12 15 2 8 3 4 5 9 10 1 ;2124;0,0005482;2124;-212500;TspNN
15 11 12 9 1 2 7 6 14 13 10 3 8 5 4 15 ;1790;249,78;1790;-179100;TspBabDfs
15 11 12 9 1 2 7 6 14 13 10 3 8 5 4 15 ;1790;288,13;1790;-179100;TspBabBfs
15 11 12 9 1 2 7 6 14 13 10 3 8 5 4 15 ;1790;283,831;1790;-179100;TspBabBestFs
14 15 13 12 10 2 7 11 4 9 3 8 5 6 1 14 ;3219;1800;3219;-322000;DfsBruteForce
12 5 15 9 8 2 14 3 6 1 4 11 7 13 10 12 ;1763;0,0004807;1763;-176400;TspNN
15 9 8 6 1 14 3 10 2 7 13 4 11 12 5 15 ;1278;22,2921;1278;-127900;TspBabDfs
15 9 8 6 1 14 3 10 2 7 13 4 11 12 5 15 ;1278;37,0421;1278;-127900;TspBabBfs
15 9 8 6 1 14 3 10 2 7 13 4 11 12 5 15 ;1278;22,0745;1278;-127900;TspBabBestFs
14 15 13 12 10 4 2 5 11 9 7 1 3 8 6 14 ;2942;1800;2942;-294300;DfsBruteForce
10 7 15 11 9 3 8 6 13 5 12 1 14 4 2 10 ;2429;0,0005491;2429;-243000;TspNN
15 11 9 7 10 4 2 13 5 12 1 3 8 6 14 15 ;1744;234,225;1744;-174500;TspBabDfs
;2429;1803,82;-1;-0;TspBabBfs
15 11 9 7 10 4 2 13 5 12 1 3 8 6 14 15 ;1744;283,244;1744;-174500;TspBabBestFs
13 16 15 14 12 10 9 11 1 6 3 4 7 2 5 8 13 ;6507;1792;6507;-650800;DfsBruteForce
15 3 4 7 2 13 10 9 11 1 5 8 12 16 14 6 15 ;4347;0,0007068;4347;-434800;TspNN
16 15 3 14 6 10 4 7 12 9 11 1 2 5 8 13 16 ;2983;239,576;2983;-298400;TspBabDfs
;4347;1796,33;-1;-0;TspBabBfs
16 15 3 14 6 10 4 7 12 9 11 1 2 5 8 13 16 ;2983;270,171;2983;-298400;TspBabBestFs
13 16 15 14 12 11 1 2 10 9 6 3 8 5 4 7 13 ;6877;1792;6877;-687800;DfsBruteForce
1 15 4 7 12 3 14 8 5 13 9 6 2 10 11 16 1 ;4654;0,0005629;4654;-465500;TspNN
16 9 6 2 10 1 15 4 5 7 12 3 14 8 11 13 16 ;3222;356,047;3222;-322300;TspBabDfs
;4654;1798,3;-1;-0;TspBabBfs
16 9 6 2 10 1 15 4 5 7 12 3 14 8 11 13 16 ;3222;401,151;3222;-322300;TspBabBestFs
11 16 15 14 13 10 4 7 9 2 8 3 6 5 12 1 11 ;4033;1792;4033;-403400;DfsBruteForce
3 6 5 12 1 7 15 4 16 14 13 9 2 8 11 10 3 ;2640;0,0007083;2640;-264100;TspNN
16 3 6 5 12 1 7 15 14 13 9 2 8 11 10 4 16 ;2002;35,9843;2002;-200300;TspBabDfs
16 3 6 5 12 1 7 15 14 13 9 2 8 11 10 4 16 ;2002;50,7347;2002;-200300;TspBabBfs
16 3 6 5 12 1 7 15 14 13 9 2 8 11 10 4 16 ;2002;35,8859;2002;-200300;TspBabBestFs
13 16 15 14 12 10 4 3 5 7 2 1 9 6 11 8 13 ;6099;1792;6099;-610000;DfsBruteForce
3 5 15 1 12 10 2 8 13 9 6 11 16 7 14 4 3 ;3811;0,000588;3811;-381200;TspNN
16 2 1 12 10 15 7 14 9 6 11 5 3 13 4 8 16 ;3475;1047,19;3475;-347600;TspBabDfs
16 2 1 12 10 15 7 14 9 6 11 5 3 13 4 8 16 ;3475;1160,35;3475;-347600;TspBabBfs
16 2 1 12 10 15 7 14 9 6 11 5 3 13 4 8 16 ;3475;1185,36;3475;-347600;TspBabBestFs
14 16 15 13 12 11 1 2 8 6 4 9 5 7 10 3 14 ;7337;1792;7337;-733800;DfsBruteForce
4 15 7 10 3 5 13 16 11 1 2 14 9 8 6 12 4 ;3559;0,0006307;3559;-356000;TspNN
16 11 1 2 8 6 12 4 15 7 10 3 14 9 5 13 16 ;3388;849,214;3388;-338900;TspBabDfs
16 11 1 2 8 6 12 4 15 7 10 3 14 9 5 13 16 ;3388;885,754;3388;-338900;TspBabBfs
16 11 1 2 8 6 12 4 15 7 10 3 14 9 5 13 16 ;3388;993,657;3388;-338900;TspBabBestFs
11 16 15 14 13 12 6 7 2 5 4 3 9 10 1 8 11 ;7333;1792;7333;-733400;DfsBruteForce
7 2 12 6 8 3 11 16 1 14 13 5 4 15 9 10 7 ;4477;0,000636;4477;-447800;TspNN
16 8 3 9 10 1 14 13 5 4 15 7 2 12 6 11 16 ;4037;1681,92;4037;-403800;TspBabDfs
;4477;1795,82;-1;-0;TspBabBfs
16 8 3 9 10 1 14 13 5 4 15 7 2 12 6 11 16 ;4037;1731,14;4037;-403800;TspBabBestFs
11 16 15 14 13 10 8 6 3 2 12 1 4 5 9 7 11 ;7531;1792;7531;-753200;DfsBruteForce
13 6 12 1 4 14 9 10 8 3 16 15 7 11 5 2 13 ;4064;0,0007278;4064;-406500;TspNN
16 4 14 9 10 5 13 6 12 1 3 2 15 7 8 11 16 ;3927;1260;3927;-392800;TspBabDfs
16 4 14 9 10 5 13 6 12 1 3 2 15 7 8 11 16 ;3927;1275,02;3927;-392800;TspBabBfs
16 4 14 9 10 5 13 6 12 1 3 2 15 7 8 11 16 ;3927;1398,52;3927;-392800;TspBabBestFs
15 16 14 13 12 10 11 4 6 5 8 9 3 2 7 1 15 ;5948;1792;5948;-594900;DfsBruteForce
1 12 9 3 2 7 15 6 5 8 14 13 4 10 11 16 1 ;5243;0,0006461;5243;-524400;TspNN
16 14 1 12 9 13 15 5 8 3 2 7 10 11 4 6 16 ;3187;493,707;3187;-318800;TspBabDfs
;5243;1802,94;-1;-0;TspBabBfs
16 14 1 12 9 13 15 5 8 3 2 7 10 11 4 6 16 ;3187;538,332;3187;-318800;TspBabBestFs
4 16 15 14 13 12 9 5 11 7 8 2 1 6 10 3 4 ;4725;1792;4725;-472600;DfsBruteForce
9 5 11 1 6 13 16 10 3 4 15 2 12 14 7 8 9 ;2772;0,000702;2772;-277300;TspNN
16 10 3 14 4 15 7 8 2 12 9 5 11 1 6 13 16 ;2189;85,0961;2189;-219000;TspBabDfs
16 10 3 14 4 15 7 8 2 12 9 5 11 1 6 13 16 ;2189;102,927;2189;-219000;TspBabBfs
16 10 3 14 4 15 7 8 2 12 9 5 11 1 6 13 16 ;2189;89,3918;2189;-219000;TspBabBestFs
15 16 14 13 12 11 3 2 9 5 10 1 7 6 4 8 15 ;5768;1792;5768;-576900;DfsBruteForce
16 14 13 1 2 8 15 11 3 12 5 6 4 9 10 7 16 ;5041;0,0007622;5041;-504200;TspNN
16 14 13 5 9 10 1 2 8 15 7 6 4 12 11 3 16 ;3211;225,364;3211;-321200;TspBabDfs
;5041;1798,47;-1;-0;TspBabBfs
16 14 13 5 9 10 1 2 8 15 7 6 4 12 11 3 16 ;3211;236,692;3211;-321200;TspBabBestFs
;2147483647;1763;-1;100,018;DfsBruteForce
16 21 18 20 17 19 15 35 14 34 13 12 33 11 32 10 8 31 7 30 6 9 4 29 3 28 2 37 36 38 26 25 24 1 5 23 22 27 43 40 42 39 41 16 ;5835;1763;5835;3,82562;TspNN
;5835;1763;-1;100,018;TspBabDfs
6 10 3 9 8 7 1 2 4 5 6 ;153;1800;153;97.2776;TspRand
6 7 2 9 4 5 10 3 8 1 6 ;204;1800;204;96.3701;TspRand
7 1 2 6 4 5 8 3 10 9 7 ;168;1800;168;97.0107;TspRand
1 4 2 5 10 7 3 9 6 8 1 ;188;1800;188;96.6548;TspRand
4 6 8 3 7 5 10 9 2 1 4 ;208;1800;208;96.2989;TspRand
2 8 3 5 6 10 4 9 7 1 2 ;165;1800;165;97.0641;TspRand
